<?xml version="1.0"?>
<doc>
    <assembly>
        <name>Hnx8.ReadJEnc</name>
    </assembly>
    <members>
        <member name="T:Hnx8.ReadJEnc.ReadJEnc">
            <summary>
            ReadJEnc 文字コード自動判別ライブラリ・処理本体(Rev.20141206)
            </summary>
        </member>
        <member name="F:Hnx8.ReadJEnc.ReadJEnc.DEL">
            <summary>バイナリと判定するDEL文字コード、兼、ASCII/非ASCIIの境界文字コード</summary>
        </member>
        <member name="F:Hnx8.ReadJEnc.ReadJEnc.BINARY">
            <summary>非テキストファイルと判定する制御文字コードの最大値</summary>
        </member>
        <member name="F:Hnx8.ReadJEnc.ReadJEnc.ANSI">
            <summary>ANSI文字コード自動判別(CP1252)</summary>
        </member>
        <member name="F:Hnx8.ReadJEnc.ReadJEnc.JP">
            <summary>日本語文字コード自動判別(SJIS/EUCJP)</summary>
        </member>
        <member name="F:Hnx8.ReadJEnc.ReadJEnc.TW">
            <summary>繁体字中国語文字コード自動判別(BIG5TW/EUCTW)</summary>
        </member>
        <member name="F:Hnx8.ReadJEnc.ReadJEnc.CN">
            <summary>簡体字中国語文字コード自動判別(GB18030/EUCCN)</summary>
        </member>
        <member name="F:Hnx8.ReadJEnc.ReadJEnc.KR">
            <summary>韓国語文字コード自動判別(UHCKR/EUCKR)</summary>
        </member>
        <member name="M:Hnx8.ReadJEnc.ReadJEnc.GetEncoding(System.Byte[],System.Int32,System.String@)">
            <summary>バイト配列を全走査し、文字コードを自動判別する</summary>
            <param name="Bytes">判定対象のバイト配列</param>
            <param name="Length">ファイルサイズ(バイト配列先頭からのデコード対象バイト数)</param>
            <param name="Text">out 判別した文字コードにより取り出したテキスト文字列（非テキストならnull）</param>
            <returns>文字コード判別結果（非テキストならnull）</returns>
        </member>
        <member name="M:Hnx8.ReadJEnc.ReadJEnc.GetEncoding(System.Byte[],System.Int32,System.Int32)">
            <summary>デフォルト文字コードの判定スコア算出（判定開始位置～ファイル末尾までの範囲を対象）</summary>
            <param name="Bytes">判定対象のバイト配列</param>
            <param name="pos">判定開始位置(非ASCII文字コードが初めて登場した位置)</param>
            <param name="Length">ファイルサイズ(バイト配列先頭からのデコード対象バイト数)</param>
            <returns>判定スコア算出結果</returns>
        </member>
        <member name="M:Hnx8.ReadJEnc.ReadJEnc.SeemsUTF16N(System.Byte[],System.Int32)">
            <summary>BOMなしUTF16の可能性があるか(先頭文字がASCIIか否かをもとに)判定</summary>
            <param name="Bytes">判定対象のバイト配列</param>
            <param name="Length">ファイルサイズ(バイト配列先頭からのデコード対象バイト数)</param>
            <returns>UTF16Nと思われる場合はその文字コード、否ならnull</returns>
        </member>
        <member name="F:Hnx8.ReadJEnc.ReadJEnc.CharCode">
            <summary>自動判別デフォルト文字コード</summary>
        </member>
        <member name="F:Hnx8.ReadJEnc.ReadJEnc.EUC">
            <summary>EUCの文字コード</summary>
        </member>
        <member name="F:Hnx8.ReadJEnc.ReadJEnc.EUCTW">
            <summary>0x8EのEUC文字を全角文字として判定するか（EUCTWの場合のみtrue）</summary>
        </member>
        <member name="M:Hnx8.ReadJEnc.ReadJEnc.#ctor(Hnx8.ReadJEnc.CharCode,Hnx8.ReadJEnc.CharCode)">
            <summary>基本コンストラクタ</summary>
            <param name="Encoding">自動判別デフォルト文字コード</param>
            <param name="EUC">EUCの文字コード</param>
        </member>
        <member name="M:Hnx8.ReadJEnc.ReadJEnc.ToString">
            <summary>オブジェクト文字列表現として、自動判別デフォルト文字コードの名前を返す</summary>
        </member>
        <member name="T:Hnx8.ReadJEnc.ReadJEnc.JIS">
            <summary>
            JIS判定関連処理クラス
            </summary>
        </member>
        <member name="M:Hnx8.ReadJEnc.ReadJEnc.JIS.hasSOSI(System.Byte[],System.Int32)">
            <summary>SO/SI文字出現チェック</summary>
            <param name="Bytes">判定対象のバイト配列</param>
            <param name="Length">ファイルサイズ(バイト配列先頭からのデコード対象バイト数)</param>
            <returns>出現していればtrue、否ならfalse</returns>
        </member>
        <member name="M:Hnx8.ReadJEnc.ReadJEnc.JIS.isEscape(System.Byte[],System.Int32,System.Int32)">
            <summary>JISエスケープシーケンス妥当性チェック</summary>
            <param name="Bytes">判定対象のバイト配列</param>
            <param name="Length">ファイルサイズ(バイト配列先頭からのデコード対象バイト数)</param>
            <param name="pos">エスケープ(0x1B)出現位置</param>
            <returns>エスケープシーケンスとして妥当ならpos加算値、そうでなければゼロ</returns>
        </member>
        <member name="M:Hnx8.ReadJEnc.ReadJEnc.JIS.GetEncoding(System.Byte[],System.Int32,System.String@)">
            <summary>JISと判定された場合の文字コードを確定する</summary>
            <param name="Bytes">判定対象のバイト配列</param>
            <param name="Length">ファイルサイズ(バイト配列先頭からのデコード対象バイト数)</param>
            <param name="Text">out 判別した文字コードにより取り出したテキスト文字列（非テキストならnull）</param>
            <returns>カナSO/SI有無やデコード不能箇所有無に応じたJIS文字コード種類</returns>
        </member>
        <member name="T:Hnx8.ReadJEnc.ReadJEnc.SJIS">
            <summary>
            SJIS評価クラス
            </summary>
        </member>
        <member name="T:Hnx8.ReadJEnc.ReadJEnc.BIG5TW">
            <summary>
            BIG5TW評価クラス
            </summary>
        </member>
        <member name="T:Hnx8.ReadJEnc.ReadJEnc.GB18030">
            <summary>
            GB18030評価クラス
            </summary>
        </member>
        <member name="T:Hnx8.ReadJEnc.ReadJEnc.UHCKR">
            <summary>
            UHCKR評価クラス
            </summary>
        </member>
        <member name="T:Hnx8.ReadJEnc.CharCode">
            <summary>
            ReadJEnc 文字コード種類定義(Rev.20141206)
            </summary>
        </member>
        <member name="F:Hnx8.ReadJEnc.CharCode.UTF8">
            <summary>UTF8(BOMあり)</summary>
        </member>
        <member name="F:Hnx8.ReadJEnc.CharCode.UTF32">
            <summary>UTF32(BOMありLittleEndian)</summary>
        </member>
        <member name="F:Hnx8.ReadJEnc.CharCode.UTF32B">
            <summary>UTF32(BOMありBigEndian)</summary>
        </member>
        <member name="F:Hnx8.ReadJEnc.CharCode.UTF16">
            <summary>UTF16(BOMありLittleEndian)</summary><remarks>Windows標準のUnicode</remarks>
        </member>
        <member name="F:Hnx8.ReadJEnc.CharCode.UTF16B">
            <summary>UTF16(BOMありBigEndian)</summary>
        </member>
        <member name="F:Hnx8.ReadJEnc.CharCode.UTF16LE">
            <summary>UTF16(BOM無しLE)</summary>
        </member>
        <member name="F:Hnx8.ReadJEnc.CharCode.UTF16BE">
            <summary>UTF16(BOM無しBE)</summary>
        </member>
        <member name="F:Hnx8.ReadJEnc.CharCode.UTF8N">
            <summary>UTF8(BOM無し)</summary>
        </member>
        <member name="F:Hnx8.ReadJEnc.CharCode.ASCII">
            <summary>Ascii</summary><remarks>デコードはUTF8Encodingを流用</remarks>
        </member>
        <member name="F:Hnx8.ReadJEnc.CharCode.ANSI">
            <summary>1252 ISO8859 西ヨーロッパ言語</summary>
        </member>
        <member name="F:Hnx8.ReadJEnc.CharCode.JIS">
            <summary>50221 iso-2022-jp 日本語 (JIS-Allow 1 byte Kana) ※MS版＋JIS補助漢字独自対応</summary><remarks>JIS補助漢字はデコードのみ対応、エンコードは未対応</remarks>
        </member>
        <member name="F:Hnx8.ReadJEnc.CharCode.JIS50222">
            <summary>50222 iso-2022-jp 日本語 (JIS-Allow 1 byte Kana - SO/SI) ※MS版＋JIS補助漢字独自対応</summary><remarks>SO/SIによるカナシフトのみのファイルもCP50222とみなす。JIS補助漢字はデコードのみ対応、エンコードは未対応</remarks>
        </member>
        <member name="F:Hnx8.ReadJEnc.CharCode.JISNG">
            <summary>JISのように見えるがデコード不能な箇所あり、実質非テキストファイル</summary>
        </member>
        <member name="F:Hnx8.ReadJEnc.CharCode.ISOKR">
            <summary>50225 iso-2022-kr 韓国語(ISO)</summary><remarks>SO/SIカナシフトファイルの判定ロジックに流れ込まないようにするため定義</remarks>
        </member>
        <member name="F:Hnx8.ReadJEnc.CharCode.EUCH">
            <summary>EUC補助漢字(0x8F)あり ※MS-CP20932を利用し強引にデコードする</summary><remarks>エンコードするとファイルが壊れるので注意</remarks>
        </member>
        <member name="F:Hnx8.ReadJEnc.CharCode.EUC">
            <summary>51932 euc-jp 日本語 (EUC) ※MS版</summary>
        </member>
        <member name="F:Hnx8.ReadJEnc.CharCode.SJIS">
            <summary>932 shift_jis 日本語 (シフト JIS) ※MS独自</summary>
        </member>
        <member name="F:Hnx8.ReadJEnc.CharCode.EUCTW">
            <summary>20000 x-Chinese-CNS 繁体字中国語(EUC-TW)</summary>
        </member>
        <member name="F:Hnx8.ReadJEnc.CharCode.BIG5TW">
            <summary>950 big5 繁体字中国語 (BIG5)</summary>
        </member>
        <member name="F:Hnx8.ReadJEnc.CharCode.EUCCN">
            <summary>51936 EUC-CN 簡体字中国語 (=GB2312)</summary>
        </member>
        <member name="F:Hnx8.ReadJEnc.CharCode.GB18030">
            <summary>54936 GB18030 簡体字中国語 (GB2312/GBKの拡張)</summary>
        </member>
        <member name="F:Hnx8.ReadJEnc.CharCode.EUCKR">
            <summary>51949 euc-kr 韓国語 (=KSX1001)</summary>
        </member>
        <member name="F:Hnx8.ReadJEnc.CharCode.UHCKR">
            <summary>949 ks_c_5601-1987 韓国語 (UHC=EUC-KRの拡張)</summary>
        </member>
        <member name="M:Hnx8.ReadJEnc.CharCode.GetPreamble(System.Byte[],System.Int32)">
            <summary>BOMありUTFファイルの文字コードを判定する</summary>
            <param name="Bytes">判定対象のバイト配列</param>
            <param name="Read">バイト配列先頭の読み込み済バイト数（LEASTREADSIZEのバイト数以上読み込んでおくこと）</param>
            <returns>BOMから判定できた文字コード種類、合致なしの場合null</returns>
        </member>
        <member name="F:Hnx8.ReadJEnc.CharCode.Name">
            <summary>ファイル文字コード種類名</summary>
        </member>
        <member name="F:Hnx8.ReadJEnc.CharCode.Bytes">
            <summary>先頭バイト識別データ（BOM/マジックナンバー）</summary>
        </member>
        <member name="F:Hnx8.ReadJEnc.CharCode.Encoding">
            <summary>エンコーディング</summary>
        </member>
        <member name="F:Hnx8.ReadJEnc.CharCode.enc">
            <summary>エンコーディング遅延初期化用のコードページ番号退避変数</summary>
        </member>
        <member name="M:Hnx8.ReadJEnc.CharCode.#ctor(System.String,System.Int32,System.Byte[])">
            <summary>基本コンストラクタ</summary>
            <param name="Name">ファイル文字コード種類名を定義する</param>
            <param name="enc">デコード時に使用するCodePageを指定(正値ならDecoderExceptionFallback、マイナス値ならDecoderReplacementFallBackを設定)</param>
            <param name="Bytes">先頭バイト識別データを指定する</param>
        </member>
        <member name="M:Hnx8.ReadJEnc.CharCode.#ctor(System.String,System.Text.Encoding,System.Byte[])">
            <summary>基本コンストラクタ</summary>
            <param name="Name">ファイル文字コード種類名を定義する</param>
            <param name="Encoding">デコード時に使用するEncodingを指定する</param>
            <param name="Bytes">先頭バイト識別データを指定する</param>
        </member>
        <member name="M:Hnx8.ReadJEnc.CharCode.GetEncoding">
            <summary>このファイル文字コード種類のEncodingオブジェクトを返す</summary>
        </member>
        <member name="M:Hnx8.ReadJEnc.CharCode.GetString(System.Byte[],System.Int32)">
            <summary>引数のバイト配列から文字列を取り出す。失敗時はnullを返す</summary>
            <param name="Bytes">判定対象のバイト配列</param>
            <param name="Length">ファイルサイズ(バイト配列先頭からの先頭からのデコード対象バイト数)</param>
        </member>
        <member name="M:Hnx8.ReadJEnc.CharCode.ToString">
            <summary>このファイル文字コード種類の名前を返す</summary>
        </member>
        <member name="M:Hnx8.ReadJEnc.CharCode.GetPreamble(System.Byte[],System.Int32,Hnx8.ReadJEnc.CharCode[])">
            <summary>判定対象のファイル文字コード種類一覧から、BOM/マジックナンバーが一致するものを探索して返す</summary>
            <param name="Bytes">判定対象のバイト配列</param>
            <param name="Read">バイト配列先頭の読み込み済バイト数（LEASTREADSIZEのバイト数以上読み込んでおくこと）</param>
            <param name="Array">判定対象とするファイル文字コード種類の一覧</param>
            <returns>先頭バイトが一致したファイル文字コード種類、合致なしの場合null</returns>
        </member>
        <member name="T:Hnx8.ReadJEnc.CharCode.Text">
            <summary>文字コード種類：テキスト
            </summary>
        </member>
        <member name="T:Hnx8.ReadJEnc.CharCode.EucH">
            <summary>
            EUC補助漢字特殊処理(MS版CP20932の特異なコード体系によりデコードする)
            </summary>
        </member>
        <member name="T:Hnx8.ReadJEnc.CharCode.JisH">
            <summary>
            JIS補助漢字対応(補助漢字の部分はMS版CP20932でデコードする)
            </summary>
        </member>
        <member name="T:Hnx8.ReadJEnc.FileType">
            <summary>
            ReadJEnc ファイル種類定義(Rev.20141206)
            </summary>
        </member>
        <member name="F:Hnx8.ReadJEnc.FileType.GetBinaryType_LEASTREADSIZE">
            <summary>BOM/マジックナンバー一致判定にあたり、最低限読み込みを済ませておく必要がある先頭バイト数</summary>
        </member>
        <member name="F:Hnx8.ReadJEnc.FileType.READERROR">
            <summary>読み込み失敗</summary>
        </member>
        <member name="F:Hnx8.ReadJEnc.FileType.EMPTYFILE">
            <summary>空ファイル</summary>
        </member>
        <member name="F:Hnx8.ReadJEnc.FileType.HUGEFILE">
            <summary>巨大ファイル</summary>
        </member>
        <member name="F:Hnx8.ReadJEnc.FileType.BINARY">
            <summary>バイナリ</summary>
        </member>
        <member name="F:Hnx8.ReadJEnc.FileType.JAVABIN">
            <summary>Javaバイナリ</summary>
        </member>
        <member name="F:Hnx8.ReadJEnc.FileType.WINBIN">
            <summary>Windowsバイナリ</summary>
        </member>
        <member name="F:Hnx8.ReadJEnc.FileType.SHORTCUT">
            <summary>Windowsショートカット</summary>
        </member>
        <member name="F:Hnx8.ReadJEnc.FileType.PDF">
            <summary>PDF</summary>
        </member>
        <member name="F:Hnx8.ReadJEnc.FileType.ZIP">
            <summary>Zip圧縮</summary>
        </member>
        <member name="F:Hnx8.ReadJEnc.FileType.GZIP">
            <summary>GZip圧縮</summary>
        </member>
        <member name="F:Hnx8.ReadJEnc.FileType.SEVENZIP">
            <summary>7zip圧縮</summary>
        </member>
        <member name="F:Hnx8.ReadJEnc.FileType.RAR">
            <summary>Rar圧縮</summary>
        </member>
        <member name="F:Hnx8.ReadJEnc.FileType.CABINET">
            <summary>Cab圧縮</summary>
        </member>
        <member name="F:Hnx8.ReadJEnc.FileType.BMP">
            <summary>BMP画像</summary>
        </member>
        <member name="F:Hnx8.ReadJEnc.FileType.GIF">
            <summary>GIF画像</summary>
        </member>
        <member name="F:Hnx8.ReadJEnc.FileType.JPEG">
            <summary>JPEG画像</summary>
        </member>
        <member name="F:Hnx8.ReadJEnc.FileType.PNG">
            <summary>PNG画像</summary>
        </member>
        <member name="F:Hnx8.ReadJEnc.FileType.TIFF">
            <summary>TIFF画像</summary>
        </member>
        <member name="F:Hnx8.ReadJEnc.FileType.IMGICON">
            <summary>Windowsアイコン画像</summary><remarks>マジックナンバーのほか追加チェックあり</remarks>
        </member>
        <member name="M:Hnx8.ReadJEnc.FileType.GetBinaryType(System.Byte[],System.Int32)">
            <summary>バイト配列先頭のマジックナンバーよりバイナリファイル種類を判定する</summary>
            <param name="Bytes">判定対象のバイト配列</param>
            <param name="Read">バイト配列先頭の読み込み済バイト数（LEASTREADSIZEのバイト数以上読み込んでおくこと）</param>
            <returns>バイナリファイル種類判定結果（どれにも該当しなければ一般バイナリと判定）</returns>
        </member>
        <member name="T:Hnx8.ReadJEnc.FileType.Bin">
            <summary>ファイル文字コード種類：バイナリ
            </summary>
        </member>
        <member name="T:Hnx8.ReadJEnc.FileType.ZipBinary">
            <summary>ファイル文字コード種類：Zipバイナリ
            </summary>
        </member>
        <member name="T:Hnx8.ReadJEnc.FileType.Image">
            <summary>ファイル文字コード種類：画像
            </summary>
        </member>
        <member name="T:Hnx8.ReadJEnc.FileReader">
            <summary>
            ReadJEnc ファイル読み出し＆ファイル文字コード種類自動判別(Rev.20141206)
            </summary>
        </member>
        <member name="M:Hnx8.ReadJEnc.FileReader.#ctor(System.IO.FileInfo)">
            <summary>単一ファイル読み出し用コンストラクタ</summary>
            <param name="File">読み出すファイル（このファイルのサイズどおりに読み出し領域バッファを確保する）</param>
        </member>
        <member name="M:Hnx8.ReadJEnc.FileReader.#ctor(System.Int32)">
            <summary>複数ファイル連続読み出し用コンストラクタ</summary>
            <param name="Length">最大読み出しファイルサイズ（領域バッファ確保サイズ）</param>
        </member>
        <member name="M:Hnx8.ReadJEnc.FileReader.Dispose">
            <summary>リソース解放</summary>
        </member>
        <member name="F:Hnx8.ReadJEnc.FileReader.ReadJEnc">
            <summary>文字コード自動判別対象言語指定（初期状態は日本語ShiftJIS）</summary>
        </member>
        <member name="M:Hnx8.ReadJEnc.FileReader.Read(System.IO.FileInfo)">
            <summary>ファイルを読み出してファイル文字コード種類を判別、テキストファイル内容をTextプロパティに格納する</summary>
            <param name="File">読み出すファイル</param>
            <returns>ファイル文字コード種類の判定結果</returns>
        </member>
        <member name="F:Hnx8.ReadJEnc.FileReader.Bytes">
            <summary>ファイル内容の読み出し先領域</summary>
        </member>
        <member name="F:Hnx8.ReadJEnc.FileReader.Length">
            <summary>現在読み出し済のファイルサイズ</summary><remarks>非読み出し時は0、分割読み出し時は読込済部分のサイズ</remarks>
        </member>
        <member name="F:Hnx8.ReadJEnc.FileReader.String">
            <summary>ファイルから取り出したテキスト文字列</summary>
        </member>
        <member name="M:Hnx8.ReadJEnc.FileReader.GetPreamble(System.Int64)">
            <summary>読み込んであるバイト配列のプリアンブル（BOMヘッダ／マジックナンバー）からファイル文字コード種類特定を試みる</summary>
            <param name="Length">ファイルサイズ(未読込部分も含む。読み込み済サイズはthis.Lengthを参照)</param>
            <returns>確定した場合、ファイル文字コード種類。確定できなかった場合null</returns>
        </member>
        <member name="P:Hnx8.ReadJEnc.FileReader.Text">
            <summary>ファイルから読み出したテキスト文字列（非テキストファイルなどの場合はnull）</summary>
        </member>
    </members>
</doc>
